{
  "id": "",
  "name": "",
  "font_family": "iconfont",
  "css_prefix_text": "icon-",
  "description": "",
  "glyphs": [
    {
      "icon_id": "258628",
      "name": "密码1",
      "font_class": "tubiao203",
      "unicode": "e63a",
      "unicode_decimal": 58938
    },
    {
      "icon_id": "399197",
      "name": "密码，钥匙",
      "font_class": "mimayaochi",
      "unicode": "e63c",
      "unicode_decimal": 58940
    },
    {
      "icon_id": "521533",
      "name": "搜索",
      "font_class": "sousuo",
      "unicode": "e61e",
      "unicode_decimal": 58910
    },
    {
      "icon_id": "563875",
      "name": "邮箱 邮件",
      "font_class": "youxiang",
      "unicode": "e631",
      "unicode_decimal": 58929
    },
    {
      "icon_id": "936299",
      "name": "增加",
      "font_class": "icon",
      "unicode": "e600",
      "unicode_decimal": 58880
    },
    {
      "icon_id": "1112266",
      "name": "密码",
      "font_class": "mima",
      "unicode": "e65e",
      "unicode_decimal": 58974
    },
    {
      "icon_id": "5387496",
      "name": "主题",
      "font_class": "zhuti",
      "unicode": "eaed",
      "unicode_decimal": 60141
    },
    {
      "icon_id": "6235315",
      "name": "密码不可见",
      "font_class": "mimabukejian",
      "unicode": "e624",
      "unicode_decimal": 58916
    },
    {
      "icon_id": "7235532",
      "name": "账号",
      "font_class": "zhanghao",
      "unicode": "e618",
      "unicode_decimal": 58904
    },
    {
      "icon_id": "7289570",
      "name": "下拉",
      "font_class": "xiala",
      "unicode": "e608",
      "unicode_decimal": 58888
    },
    {
      "icon_id": "7461488",
      "name": "密码不可见",
      "font_class": "mimabukejian1",
      "unicode": "e637",
      "unicode_decimal": 58935
    }
  ]
}
